outcome,label,true_effect,pate,pate_se,pate_ci_low,pate_ci_high,pate_p_raw,sate,sate_se,sate_p_raw,n,pate_p_adj,sate_p_adj
factual_discernment,SH1a: Knowledge / information,0.0,0.015217332461444355,0.020264532919504745,-0.024500422224311258,0.05493508714719997,0.45269220785893216,0.013023983001311596,0.011601246706963175,0.2615919068480217,23391,0.5629747084218701,0.24422905157507735
trust_media,SH2a: Trust in media (excl. social),0.0,-0.024464930676815533,0.019340315526641512,-0.06237125255867371,0.013441391205042636,0.2058818645396805,-0.014204425415669585,0.011617418287530722,0.2214492690977703,23391,0.4803910172592545,0.24422905157507735
trust_social_media,SH2b: Trust in social media info,0.041,0.01958868037616896,0.01982715643630588,-0.019271832154832087,0.05844919290717001,0.323166238392647,0.05354032539791189,0.011609088315647392,3.989435969131705e-06,23391,0.5629747084218701,1.1968307907395115e-05
confidence_institutions,SH2c: Confidence in institutions,0.0,-0.013236833756276802,0.022140727270332405,-0.05663186179765214,0.030158194285098534,0.5499400260582177,-0.012571995891778794,0.011699974311922183,0.2825843451878125,23391,0.5629747084218701,0.24422905157507735
perceived_polarization,SH3a: Perceived polarization,0.0,-0.01101174388993453,0.019037339443431268,-0.048324243560523616,0.026300755780654553,0.5629747084218701,-0.012039646621967734,0.01167587862205723,0.30246789828192044,23391,0.5629747084218701,0.24422905157507735
partisan_news_clicks,SH3b: Partisan news clicks,0.107,0.11227444830772239,0.020429850025274893,0.07223267804862889,0.15231621856681588,3.893664457521595e-08,0.12591994399274625,0.011631819814739625,0.0,23391,2.7255651202651165e-07,0.0
political_efficacy,SH4: Political efficacy,0.0,0.03182903499307578,0.019435446277346374,-0.006263739733986182,0.06992180972013774,0.10148853642981526,0.015429042874794454,0.011563300196274807,0.18210183432619353,23391,0.3552098775043534,0.24422905157507735
belief_election_legit,SH6: Belief in election legitimacy,0.0,0.007789561222221337,0.020073205179983424,-0.03155319798482903,0.04713232042927171,0.697973356844185,-0.011403825524148587,0.011601793749018069,0.32563873543343647,23391,0.6107266872386619,0.24422905157507735
