outcome,label,true_effect,pate,pate_se,pate_ci_low,pate_ci_high,pate_p_raw,n
pct_political_content,% of feed that is political content,1.68,1.5005031383490084,0.19689142885580757,1.1146030289269953,1.8864032477710215,2.531308496145357e-14,23391
pct_cross_cutting,% of feed from cross-cutting sources,-2.48,-2.364152212728928,0.28034715514994035,-2.913622539991074,-1.8146818854667823,0.0,23391
pct_political_news,% of feed that is political news,1.82,1.7365512199467907,0.1371890007093116,1.4676657194815002,2.0054367204120815,0.0,23391
pct_untrustworthy,% of feed from untrustworthy sources,1.59,1.3076247338316176,0.04187415262562502,1.2255529028022591,1.389696564860976,0.0,23391
pct_uncivil,% of feed that is uncivil,-1.33,-1.282722097765341,0.09258928383919017,-1.4641937594445102,-1.101250436086172,0.0,23391
pct_slur_words,% of feed with slur words,-0.02,-0.014069735982695583,0.0035655904792454484,-0.02105816490563557,-0.007081307059755593,7.947543276354274e-05,23391
